"catmat","item_tratado","outcome","doador_catmat","descricao_doador","omega"
445484,"Água mineral sem gás descartável","n_fornecedores","447720","EMBUTIDO, TIPO: SALSICHA HOT DOG , TIPO PREPARAÇÃO: COZIDA , ESTADO DE CONSERVAÇÃO: RESFRIADO(A) ",0.23338495808444
445484,"Água mineral sem gás descartável","n_fornecedores","217784","REFRIGERANTE, MATERIAL: ÁGUA GASOSA/XAROPE , SABOR: COLA ",0.20622236190169
445484,"Água mineral sem gás descartável","n_fornecedores","463938","CONDIMENTO, TIPO: ALHO , APRESENTAÇÃO: NATURAL , ADICIONAL: CABEÇA ",0.175119407610336
445484,"Água mineral sem gás descartável","n_fornecedores","463778","LEGUME IN NATURA, TIPO: CHUCHU VERDE ",0.162706356076273
445484,"Água mineral sem gás descartável","n_fornecedores","446633","QUEIJO, ORIGEM: DE VACA , VARIEDADE: MUÇARELA , APRESENTAÇÃO: PEÇA ",0.101239185330689
445484,"Água mineral sem gás descartável","n_fornecedores","463692","ÓLEO VEGETAL COMESTÍVEL, TIPO: PURO , ESPÉCIE VEGETAL: SOJA , TIPO QUALIDADE: TIPO 1 ",0.0686154974650686
445484,"Água mineral sem gás descartável","n_fornecedores","217781","REFRIGERANTE, MATERIAL: ÁGUA GASOSA/XAROPE , SABOR: LARANJA ",0.0527122335315037
445484,"Água mineral sem gás descartável","n_combinacoes_unidade","339479","TEMPERO, TIPO: CALDO , APRESENTAÇÃO: PÓ , APLICAÇÃO: USO CULINÁRIO , SABOR: CARNE ",0.268675981150459
445484,"Água mineral sem gás descartável","n_combinacoes_unidade","461710","MOLHO DE MESA, TIPO: BARBECUE , COMPOSIÇÃO: TRADICIONAL , APRESENTAÇÃO: LÍQUIDO ",0.143368752525869
445484,"Água mineral sem gás descartável","n_combinacoes_unidade","447702","EMBUTIDO, TIPO: LINGUIÇA CALABRESA , TAMANHO: GROSSA , TIPO PREPARAÇÃO: DEFUMADA , ESTADO DE CONSERVAÇÃO: RESFRIADO(A) ",0.13898258188502
445484,"Água mineral sem gás descartável","n_combinacoes_unidade","481109","VERDURA IN NATURA*, TIPO: COUVE , ESPÉCIE: COMUM/MANTEIGA , CARACTERÍSTICAS ADICIONAIS: 1ª QUALIDADE/FOLHA VERDE VIVO/SEM FUNGOS. ",0.110417157509159
445484,"Água mineral sem gás descartável","n_combinacoes_unidade","466788","LEGUME EM CONSERVA, TIPO: ALCAPARRA ",0.102214055270331
445484,"Água mineral sem gás descartável","n_combinacoes_unidade","446397","MANTEIGA, TIPO: EXTRA , COMPOSIÇÃO: COM SAL , TRATAMENTO: MATURADA ",0.0956699028145483
445484,"Água mineral sem gás descartável","n_combinacoes_unidade","459586","FERMENTO, TIPO: QUÍMICO , APRESENTAÇÃO: PÓ ",0.0775400393917508
445484,"Água mineral sem gás descartável","n_combinacoes_unidade","235092","BISCOITO, APRESENTAÇÃO: QUADRADO , CLASSIFICAÇÃO: SALGADO , TIPO: CREAM CRACKER ",0.0543758540394521
445484,"Água mineral sem gás descartável","n_combinacoes_unidade","305351","REFRIGERANTE, MATERIAL: ÁGUA GASOSA/XAROPE , SABOR: VARIADO ",0.00875567541340976
445484,"Água mineral sem gás descartável","median_preco","454018","SAL, TIPO: GROSSO , APLICAÇÃO: ALIMENTÍCIA , TEOR MÁXIMO SÓDIO: 390 MG/G, ACIDEZ: 7,0 PH",0.214116272520315
445484,"Água mineral sem gás descartável","median_preco","217096","VINAGRE, MATÉRIA-PRIMA: ÁLCOOL CANA DE AÇÚCAR , TIPO: NEUTRO , ACIDEZ: 4,20 PER, ASPECTO FÍSICO: LÍQUIDO , ASPECTO VISUAL: LÍMPIDO E SEM DEPÓSITOS ",0.209838173929949
445484,"Água mineral sem gás descartável","median_preco","445479","ÁGUA MINERAL NATURAL, TIPO: COM GÁS , MATERIAL EMBALAGEM: PLÁSTICO , TIPO EMBALAGEM: DESCARTÁVEL ",0.112579974029666
445484,"Água mineral sem gás descartável","median_preco","445488","ÁGUA MINERAL NATURAL, TIPO: ESPECIAL COM GÁS , MATERIAL EMBALAGEM: PLÁSTICO , TIPO EMBALAGEM: DESCARTÁVEL ",0.101282713386134
445484,"Água mineral sem gás descartável","median_preco","464435","FRUTA, TIPO: TANGERINA / BERGAMOTA , APRESENTAÇÃO: NATURAL ",0.068195454060719
445484,"Água mineral sem gás descartável","median_preco","464407","FRUTA, TIPO: MANGA PALMER , APRESENTAÇÃO: NATURAL ",0.0608205904153276
445484,"Água mineral sem gás descartável","median_preco","464406","FRUTA, TIPO: MANGA TOMMY , APRESENTAÇÃO: NATURAL ",0.0598965559165065
445484,"Água mineral sem gás descartável","median_preco","464410","FRUTA, TIPO: MANGA ROSA , APRESENTAÇÃO: NATURAL ",0.0424599475616798
445484,"Água mineral sem gás descartável","median_preco","463818","VERDURA IN NATURA, TIPO: ACELGA ",0.0325650018370743
445484,"Água mineral sem gás descartável","median_preco","463781","LEGUME IN NATURA, TIPO: CEBOLA BRANCA ",0.0323200734653762
445484,"Água mineral sem gás descartável","median_preco","463839","VERDURA IN NATURA, TIPO: REPOLHO BRANCO / VERDE ",0.0294445226755931
445484,"Água mineral sem gás descartável","median_preco","470688","FARINHA DE MILHO, GRÃO: AMARELO , TIPO: FUBÁ , CARACTERÍSTICA ADICIONAL: NÃO TRANSGÊNICO ",0.0201410001454715
445484,"Água mineral sem gás descartável","median_preco","463829","VERDURA IN NATURA, TIPO: REPOLHO ROXO ",0.00955517817592487
445484,"Água mineral sem gás descartável","median_preco","464436","FRUTA, TIPO: TANGERINA PONCAN , APRESENTAÇÃO: NATURAL ",0.0055809861736217
445484,"Água mineral sem gás descartável","median_preco","217777","GELO, MATERIAL: ÁGUA FILTRADA , APRESENTAÇÃO: CUBOS ",0.00120355570664185
445485,"Água mineral sem gás retornável","n_fornecedores","460263","FARINHA DE TRIGO, GRUPO: DOMÉSTICO , TIPO: TIPO 1, ESPECIAL , INGREDIENTE ADICIONAL: FORTIFICADA COM FERRO E ÁCIDO FÓLICO ",0.479565368358136
445485,"Água mineral sem gás retornável","n_fornecedores","464377","FRUTA, TIPO: BANANA DA TERRA / BANANA COMPRIDA , APRESENTAÇÃO: NATURAL ",0.211763394338222
445485,"Água mineral sem gás retornável","n_fornecedores","463822","VERDURA IN NATURA, TIPO: COUVE ",0.209656719062211
445485,"Água mineral sem gás retornável","n_fornecedores","464514","POLPA DE FRUTA, TIPO: GOIABA VERMELHA , APRESENTAÇÃO: CONGELADA ",0.0516045288420525
445485,"Água mineral sem gás retornável","n_fornecedores","447720","EMBUTIDO, TIPO: SALSICHA HOT DOG , TIPO PREPARAÇÃO: COZIDA , ESTADO DE CONSERVAÇÃO: RESFRIADO(A) ",0.0359826564844026
445485,"Água mineral sem gás retornável","n_fornecedores","465332","FARINHA DE TRIGO, GRUPO: INDUSTRIAL , TIPO: TIPO 1, ESPECIAL , INGREDIENTE ADICIONAL: SEM FERMENTO ",0.0114273329149761
445485,"Água mineral sem gás retornável","n_combinacoes_unidade","436134","ADOÇANTE, ASPECTO FÍSICO: LÍQUIDO , INGREDIENTES: SUCRALOSE, ACESULFAME DE POTáSSIO, BENZOATO DE SÓD , TIPO: DIETÉTICO , CARACTERÍSTICAS ADICIONAIS: ACIDULANTE áCIDO CíTRICO,CITRATO DE SÓDIO ",0.454876173580008
445485,"Água mineral sem gás retornável","n_combinacoes_unidade","459645","LEGUME EM CONSERVA, TIPO: AZEITONA PRETA , TAMANHO: GRANDE , APRESENTAÇÃO: SEM CAROÇO ",0.233034049385937
445485,"Água mineral sem gás retornável","n_combinacoes_unidade","446393","MANTEIGA, TIPO: PRIMEIRA QUALIDADE , COMPOSIÇÃO: COM SAL ",0.13558774915614
445485,"Água mineral sem gás retornável","n_combinacoes_unidade","463898","CONDIMENTO, TIPO: HORTELÃ , APRESENTAÇÃO: NATURAL ",0.0969251950112321
445485,"Água mineral sem gás retornável","n_combinacoes_unidade","463906","CONDIMENTO, TIPO: MANJERICÃO , APRESENTAÇÃO: NATURAL ",0.0516447598398565
445485,"Água mineral sem gás retornável","n_combinacoes_unidade","217132","BISCOITO, APRESENTAÇÃO: RETANGULAR , SABOR: MAIZENA , CLASSIFICAÇÃO: DOCE , CARACTERÍSTICAS ADICIONAIS: SEM RECHEIO ",0.0279320730268275
445485,"Água mineral sem gás retornável","median_preco","446617","OVO, ORIGEM: GALINHA , GRUPO: BRANCO , CLASSE: A , TIPO: EXTRA ",0.589433196099947
445485,"Água mineral sem gás retornável","median_preco","463778","LEGUME IN NATURA, TIPO: CHUCHU VERDE ",0.0922851142566607
445485,"Água mineral sem gás retornável","median_preco","470688","FARINHA DE MILHO, GRÃO: AMARELO , TIPO: FUBÁ , CARACTERÍSTICA ADICIONAL: NÃO TRANSGÊNICO ",0.0510205793609667
445485,"Água mineral sem gás retornável","median_preco","463839","VERDURA IN NATURA, TIPO: REPOLHO BRANCO / VERDE ",0.0439636768592369
445485,"Água mineral sem gás retornável","median_preco","467358","BARRA NUTRICIONAL, COMPOSIÇÃO BÁSICA: DE FLOCOS DE CEREAIS , INGREDIENTES ADICIONAIS: FRUTAS SECAS E MEL ",0.0375910832443301
445485,"Água mineral sem gás retornável","median_preco","217096","VINAGRE, MATÉRIA-PRIMA: ÁLCOOL CANA DE AÇÚCAR , TIPO: NEUTRO , ACIDEZ: 4,20 PER, ASPECTO FÍSICO: LÍQUIDO , ASPECTO VISUAL: LÍMPIDO E SEM DEPÓSITOS ",0.0347092303603291
445485,"Água mineral sem gás retornável","median_preco","249818","VINAGRE, MATÉRIA-PRIMA: VINHO BRANCO , TIPO: NEUTRO , ACIDEZ: 4 PER, ASPECTO FÍSICO: LÍQUIDO , ASPECTO VISUAL: LÍMPIDO E SEM DEPÓSITOS ",0.0326418958126072
445485,"Água mineral sem gás retornável","median_preco","460263","FARINHA DE TRIGO, GRUPO: DOMÉSTICO , TIPO: TIPO 1, ESPECIAL , INGREDIENTE ADICIONAL: FORTIFICADA COM FERRO E ÁCIDO FÓLICO ",0.0278884458207436
445485,"Água mineral sem gás retornável","median_preco","217785","REFRIGERANTE, MATERIAL: ÁGUA GASOSA/XAROPE , SABOR: GUARANÁ ",0.027783487121391
445485,"Água mineral sem gás retornável","median_preco","463764","LEGUME IN NATURA, TIPO: BERINJELA ",0.0259149855766937
445485,"Água mineral sem gás retornável","median_preco","460265","FARINHA DE TRIGO, GRUPO: DOMÉSTICO , TIPO: TIPO 1, ESPECIAL , INGREDIENTE ADICIONAL: COM FERMENTO, FORTIFICADA COM FERRO E ÁCIDO FÓLICO ",0.017560583023428
445485,"Água mineral sem gás retornável","median_preco","458910","ARROZ BENEFICIADO, TIPO: PARBOILIZADO , SUBGRUPO: INTEGRAL , CLASSE: LONGO FINO , QUALIDADE: TIPO 1 ",0.00558327067702878
445485,"Água mineral sem gás retornável","median_preco","464410","FRUTA, TIPO: MANGA ROSA , APRESENTAÇÃO: NATURAL ",0.0042877939116567
445485,"Água mineral sem gás retornável","median_preco","445479","ÁGUA MINERAL NATURAL, TIPO: COM GÁS , MATERIAL EMBALAGEM: PLÁSTICO , TIPO EMBALAGEM: DESCARTÁVEL ",0.00312715205953733
445485,"Água mineral sem gás retornável","median_preco","217777","GELO, MATERIAL: ÁGUA FILTRADA , APRESENTAÇÃO: CUBOS ",0.00257931757076382
445485,"Água mineral sem gás retornável","median_preco","463748","LEGUME IN NATURA, TIPO: ABÓBORA CABOTIÁ / JAPONESA ",0.00247131009523893
445485,"Água mineral sem gás retornável","median_preco","463749","LEGUME IN NATURA, TIPO: ABOBRINHA ITALIANA ",0.000785519382142526
445485,"Água mineral sem gás retornável","median_preco","459672","MASSA DE TOMATE, TIPO: MOLHO PRONTO , COMPOSIÇÃO: TRADICIONAL , APRESENTAÇÃO: LÍQUIDO ",0.000373358767299144
463990,"Açúcar cristal orgânico","n_fornecedores","447446","CARNE BOVINA IN NATURA, TIPO CORTE: PATINHO , APRESENTAÇÃO: MOIDA , ESTADO DE CONSERVAÇÃO: CONGELADO(A) ",0.338646969196199
463990,"Açúcar cristal orgânico","n_fornecedores","298881","SUCO, APRESENTAÇÃO: LÍQUIDO , SABOR: UVA , TIPO: NATURAL , CARACTERÍSTICAS ADICIONAIS: PRONTO PARA CONSUMO E EMBALAGEM TIPO LONGA VIDA ",0.224187922480633
463990,"Açúcar cristal orgânico","n_fornecedores","463970","CEREAL MATINAL/LANCHES, TIPO: FLOCOS PRÉ-COZIDOS , INGREDIENTES PRINCIPAIS: MILHO , INGREDIENTES ADICIONAIS: FORTIFICADO COM VITAMINAS E MINERAIS , CARACTERÍSTICA ADICIONAL: COM AÇÚCAR ",0.156666953730347
463990,"Açúcar cristal orgânico","n_fornecedores","446626","OVO PROCESSADO, ORIGEM: CODORNA , APRESENTAÇÃO: EM CONSERVA ",0.117429985131773
463990,"Açúcar cristal orgânico","n_fornecedores","447470","CARNE BOVINA IN NATURA, TIPO CORTE: MAMINHA DA ALCATRA , APRESENTAÇÃO: PEÇA INTEIRA , ESTADO DE CONSERVAÇÃO: CONGELADO(A) ",0.0658245674369868
463990,"Açúcar cristal orgânico","n_fornecedores","462675","DOCE NÃO CONFEITADO, TIPO: EM CALDA , SABOR: FIGO ",0.0567918570967777
463990,"Açúcar cristal orgânico","n_fornecedores","339482","BEBIDA LÁCTEA, SABOR: MORANGO , APRESENTAÇÃO: SACO POLIETILENO , CARACTERÍSTICA ADICIONAIS: COM POLPA DE FRUTAS ",0.0349465732171
463990,"Açúcar cristal orgânico","n_fornecedores","436134","ADOÇANTE, ASPECTO FÍSICO: LÍQUIDO , INGREDIENTES: SUCRALOSE, ACESULFAME DE POTáSSIO, BENZOATO DE SÓD , TIPO: DIETÉTICO , CARACTERÍSTICAS ADICIONAIS: ACIDULANTE áCIDO CíTRICO,CITRATO DE SÓDIO ",0.00550517171018305
463990,"Açúcar cristal orgânico","n_combinacoes_unidade","451938","EMBUTIDO, TIPO: LINGUIÇA DE FRANGO , TAMANHO: GROSSA , TIPO PREPARAÇÃO: FRESCA , ESTADO DE CONSERVAÇÃO: CONGELADO(A) ",0.27947320617089
463990,"Açúcar cristal orgânico","n_combinacoes_unidade","462244","MASSA ALIMENTÍCIA, TIPO: PARA PASTEL , BASE DA MASSA: FARINHA DE TRIGO REFINADA , APRESENTAÇÃO: FRESCA/RESFRIADA , TAMANHO: MÉDIA , FORMATO: DISCOS ",0.258998273026496
463990,"Açúcar cristal orgânico","n_combinacoes_unidade","481121","VERDURA IN NATURA*, TIPO: REPOLHO VERDE , ESPÉCIE: COMUM , APLICAÇÃO: CULINÁRIA EM GERAL , CARACTERÍSTICAS ADICIONAIS: 1ª QUALIDADE/FOLHA VERDE VIVO/SEM FUNGOS. ",0.192224277198454
463990,"Açúcar cristal orgânico","n_combinacoes_unidade","447733","CARNE SALGADA, TIPO CORTE: COXÃO MOLE - CHARQUE , ORIGEM: BOVINA , APRESENTAÇÃO: EM MANTAS , ESTADO DE CONSERVAÇÃO: SECO(A) ",0.172382896973389
463990,"Açúcar cristal orgânico","n_combinacoes_unidade","464396","FRUTA, TIPO: LARANJA SELETA , APRESENTAÇÃO: NATURAL ",0.0590293357266978
463990,"Açúcar cristal orgânico","n_combinacoes_unidade","464441","FRUTA, TIPO: UVA RUBI , APRESENTAÇÃO: NATURAL ",0.0293385992568141
463990,"Açúcar cristal orgânico","n_combinacoes_unidade","447877","FRIOS, VARIEDADE: SALAME , TIPO: ITALIANO , APRESENTAÇÃO: PEÇA INTEIRA , ESTADO DE CONSERVAÇÃO: RESFRIADO(A) ",0.00855341164725948
463990,"Açúcar cristal orgânico","median_preco","464406","FRUTA, TIPO: MANGA TOMMY , APRESENTAÇÃO: NATURAL ",0.490562890053896
463990,"Açúcar cristal orgânico","median_preco","463768","LEGUME IN NATURA, TIPO: BETERRABA , APRESENTAÇÃO: ORGÂNICO ",0.220756884814635
463990,"Açúcar cristal orgânico","median_preco","217096","VINAGRE, MATÉRIA-PRIMA: ÁLCOOL CANA DE AÇÚCAR , TIPO: NEUTRO , ACIDEZ: 4,20 PER, ASPECTO FÍSICO: LÍQUIDO , ASPECTO VISUAL: LÍMPIDO E SEM DEPÓSITOS ",0.20819879882807
463990,"Açúcar cristal orgânico","median_preco","464395","FRUTA, TIPO: LARANJA BAHIA / LARANJA UMBIGO , APRESENTAÇÃO: NATURAL ",0.0436729810229082
463990,"Açúcar cristal orgânico","median_preco","467418","FRUTA, TIPO: MAMÃO FORMOSA , APRESENTAÇÃO: NATURAL , ADICIONAL: ORGÂNICA ",0.0257387713133773
463990,"Açúcar cristal orgânico","median_preco","464405","FRUTA, TIPO: MAMÃO FORMOSA , APRESENTAÇÃO: NATURAL ",0.00603449248841116
463990,"Açúcar cristal orgânico","median_preco","459017","FARINHA DE MILHO, GRÃO: AMARELO , TIPO: FLOCADA , APRESENTAÇÃO: PRÉ-COZIDA , CARACTERÍSTICA ADICIONAL: TRANSGÊNICO , INGREDIENTE ADICIONAL: FORTIFICADA COM FERRO E ÁCIDO FÓLICO ",0.0050351814787021
603269,"Açúcar cristal comum","n_fornecedores","464381","FRUTA, TIPO: BANANA PRATA / BANANA BRANCA , APRESENTAÇÃO: NATURAL ",0.384751857638849
603269,"Açúcar cristal comum","n_fornecedores","446019","LEITE EM PÓ, ORIGEM: DE VACA , TEOR GORDURA: INTEGRAL , SOLUBILIDADE: INSTANTÂNEO ",0.261294950830859
603269,"Açúcar cristal comum","n_fornecedores","463753","LEGUME IN NATURA, TIPO: BATATA DOCE ",0.178625922804578
603269,"Açúcar cristal comum","n_fornecedores","463781","LEGUME IN NATURA, TIPO: CEBOLA BRANCA ",0.0951799971127291
603269,"Açúcar cristal comum","n_fornecedores","463692","ÓLEO VEGETAL COMESTÍVEL, TIPO: PURO , ESPÉCIE VEGETAL: SOJA , TIPO QUALIDADE: TIPO 1 ",0.0801472716129859
603269,"Açúcar cristal comum","n_combinacoes_unidade","460235","BISCOITO, SABOR: SALGADO , CARACTERÍSTICAS ADICIONAIS: INTEGRAL E SEM RECHEIO , TIPO: CREAM CRACKER ",0.293224527678313
603269,"Açúcar cristal comum","n_combinacoes_unidade","462695","GELÉIA, TIPO: FRUTAS , SABOR: MORANGO , PRAZO VALIDADE MÍNIMO: 12 MESES ",0.219993747465487
603269,"Açúcar cristal comum","n_combinacoes_unidade","459667","MOLHO DE MESA, TIPO: MOSTARDA , COMPOSIÇÃO: TRADICIONAL , APRESENTAÇÃO: CREME ",0.15397428704808
603269,"Açúcar cristal comum","n_combinacoes_unidade","462689","GELÉIA, TIPO: FRUTAS , SABOR: VARIADO ",0.150230660714807
603269,"Açúcar cristal comum","n_combinacoes_unidade","217132","BISCOITO, APRESENTAÇÃO: RETANGULAR , SABOR: MAIZENA , CLASSIFICAÇÃO: DOCE , CARACTERÍSTICAS ADICIONAIS: SEM RECHEIO ",0.099142601618409
603269,"Açúcar cristal comum","n_combinacoes_unidade","445479","ÁGUA MINERAL NATURAL, TIPO: COM GÁS , MATERIAL EMBALAGEM: PLÁSTICO , TIPO EMBALAGEM: DESCARTÁVEL ",0.0834341754749047
603269,"Açúcar cristal comum","median_preco","463839","VERDURA IN NATURA, TIPO: REPOLHO BRANCO / VERDE ",0.179336427997905
603269,"Açúcar cristal comum","median_preco","445479","ÁGUA MINERAL NATURAL, TIPO: COM GÁS , MATERIAL EMBALAGEM: PLÁSTICO , TIPO EMBALAGEM: DESCARTÁVEL ",0.151867770143033
603269,"Açúcar cristal comum","median_preco","242454","MISTURA ALIMENTÍCIA, INGREDIENTES: FARINHA DE TRIGO, SAL, ESTABILIZANTE ETXXV, ENZI - , SABOR: NATURAL , APLICAÇÃO: PÃO FRANCÊS ",0.131788687393705
603269,"Açúcar cristal comum","median_preco","217096","VINAGRE, MATÉRIA-PRIMA: ÁLCOOL CANA DE AÇÚCAR , TIPO: NEUTRO , ACIDEZ: 4,20 PER, ASPECTO FÍSICO: LÍQUIDO , ASPECTO VISUAL: LÍMPIDO E SEM DEPÓSITOS ",0.114633578585331
603269,"Açúcar cristal comum","median_preco","249817","VINAGRE, MATÉRIA-PRIMA: VINHO TINTO , TIPO: NEUTRO , ACIDEZ: 4 PER, ASPECTO FÍSICO: LÍQUIDO , ASPECTO VISUAL: LÍMPIDO E SEM DEPÓSITOS ",0.110517254139398
603269,"Açúcar cristal comum","median_preco","217785","REFRIGERANTE, MATERIAL: ÁGUA GASOSA/XAROPE , SABOR: GUARANÁ ",0.105020941954143
603269,"Açúcar cristal comum","median_preco","463805","LEGUME IN NATURA, TIPO: TOMATE ITALIANO ",0.0766994919318831
603269,"Açúcar cristal comum","median_preco","217783","REFRIGERANTE, MATERIAL: ÁGUA GASOSA/XAROPE , SABOR: UVA ",0.0763587349627787
603269,"Açúcar cristal comum","median_preco","217782","REFRIGERANTE, MATERIAL: ÁGUA GASOSA/XAROPE , SABOR: LIMÃO ",0.0183643516470704
603269,"Açúcar cristal comum","median_preco","464392","FRUTA, TIPO: GOIABA VERMELHA , APRESENTAÇÃO: NATURAL ",0.0162758769515366
603269,"Açúcar cristal comum","median_preco","459017","FARINHA DE MILHO, GRÃO: AMARELO , TIPO: FLOCADA , APRESENTAÇÃO: PRÉ-COZIDA , CARACTERÍSTICA ADICIONAL: TRANSGÊNICO , INGREDIENTE ADICIONAL: FORTIFICADA COM FERRO E ÁCIDO FÓLICO ",0.0104897259121389
603269,"Açúcar cristal comum","median_preco","463551","ACHOCOLATADO, APRESENTAÇÃO: LÍQUIDO , SABOR: TRADICIONAL , CARACTERÍSTICA ADICIONAL: ENRIQUECIDO COM VITAMINAS ",0.00444710372388141
603269,"Açúcar cristal comum","median_preco","458910","ARROZ BENEFICIADO, TIPO: PARBOILIZADO , SUBGRUPO: INTEGRAL , CLASSE: LONGO FINO , QUALIDADE: TIPO 1 ",0.0025278963579785
603269,"Açúcar cristal comum","median_preco","458920","FARINHA DE MANDIOCA, GRUPO: SECA , SUBGRUPO: BRANCA TORRADA , CLASSE: FINA , ASPECTO FÍSICO: TIPO 1 , ACIDEZ: BAIXA ACIDEZ ",0.00167215829921687
606522,"Café torrado moído torra escura","n_fornecedores","464377","FRUTA, TIPO: BANANA DA TERRA / BANANA COMPRIDA , APRESENTAÇÃO: NATURAL ",0.279488761077572
606522,"Café torrado moído torra escura","n_fornecedores","458908","ARROZ BENEFICIADO, TIPO: PARBOILIZADO , SUBGRUPO: POLIDO , CLASSE: LONGO FINO , QUALIDADE: TIPO 1 ",0.265983554393846
606522,"Café torrado moído torra escura","n_fornecedores","463837","VERDURA IN NATURA, TIPO: BRÓCOLIS COMUM ",0.168357398682905
606522,"Café torrado moído torra escura","n_fornecedores","447581","CARNE DE AVE IN NATURA, TIPO ANIMAL: FRANGO , TIPO CORTE: FILÉ DE PEITO , APRESENTAÇÃO: FATIADO , ESTADO DE CONSERVAÇÃO: CONGELADO(A) , PROCESSAMENTO: SEM PELE, SEM OSSO ",0.13440854453435
606522,"Café torrado moído torra escura","n_fornecedores","464400","FRUTA, TIPO: MAÇÃ GALA , APRESENTAÇÃO: NATURAL ",0.0508318290938301
606522,"Café torrado moído torra escura","n_fornecedores","463819","VERDURA IN NATURA, TIPO: AGRIÃO ",0.050051015298476
606522,"Café torrado moído torra escura","n_fornecedores","463699","GORDURA VEGETAL, TIPO: MARGARINA , SUBTIPO: CREMOSA , COMPOSIÇÃO BÁSICA: MÍNIMO DE 80% DE GORDURA , SABOR: COM SAL ",0.0352902996687659
606522,"Café torrado moído torra escura","n_fornecedores","463904","CONDIMENTO, TIPO: LOURO , APRESENTAÇÃO: FOLHA ",0.0155885972502555
606522,"Café torrado moído torra escura","n_combinacoes_unidade","460386","PÃO, BASE: DE FARINHA DE TRIGO REFINADA , TIPO: SEMI-DOCE , TIPO ADICIONAL: BISNAGA, CACHORRO QUENTE ",0.370567271824396
606522,"Café torrado moído torra escura","n_combinacoes_unidade","463937","CONDIMENTO, TIPO: URUCUM , APRESENTAÇÃO: PÓ ",0.22458977563891
606522,"Café torrado moído torra escura","n_combinacoes_unidade","436134","ADOÇANTE, ASPECTO FÍSICO: LÍQUIDO , INGREDIENTES: SUCRALOSE, ACESULFAME DE POTáSSIO, BENZOATO DE SÓD , TIPO: DIETÉTICO , CARACTERÍSTICAS ADICIONAIS: ACIDULANTE áCIDO CíTRICO,CITRATO DE SÓDIO ",0.131707096947665
606522,"Café torrado moído torra escura","n_combinacoes_unidade","339479","TEMPERO, TIPO: CALDO , APRESENTAÇÃO: PÓ , APLICAÇÃO: USO CULINÁRIO , SABOR: CARNE ",0.0678677765148677
606522,"Café torrado moído torra escura","n_combinacoes_unidade","463536","CHOCOLATE, TIPO: PRETO , APRESENTAÇÃO: MASSA , SABOR: AO LEITE , PRAZO VALIDADE MÍNIMO: 12 MESES ",0.0652572616328854
606522,"Café torrado moído torra escura","n_combinacoes_unidade","463699","GORDURA VEGETAL, TIPO: MARGARINA , SUBTIPO: CREMOSA , COMPOSIÇÃO BÁSICA: MÍNIMO DE 80% DE GORDURA , SABOR: COM SAL ",0.0416880370466508
606522,"Café torrado moído torra escura","n_combinacoes_unidade","235092","BISCOITO, APRESENTAÇÃO: QUADRADO , CLASSIFICAÇÃO: SALGADO , TIPO: CREAM CRACKER ",0.0407094771419094
606522,"Café torrado moído torra escura","n_combinacoes_unidade","446393","MANTEIGA, TIPO: PRIMEIRA QUALIDADE , COMPOSIÇÃO: COM SAL ",0.0368082231232384
606522,"Café torrado moído torra escura","n_combinacoes_unidade","446019","LEITE EM PÓ, ORIGEM: DE VACA , TEOR GORDURA: INTEGRAL , SOLUBILIDADE: INSTANTÂNEO ",0.0208050801294766
606522,"Café torrado moído torra escura","median_preco","447448","CARNE BOVINA IN NATURA, TIPO CORTE: PATINHO , APRESENTAÇÃO: PEÇA INTEIRA , ESTADO DE CONSERVAÇÃO: CONGELADO(A) ",0.222128745450277
606522,"Café torrado moído torra escura","median_preco","448999","PEIXE EM CONSERVA, VARIEDADE: ATUM , APRESENTAÇÃO: RALADO , MEIO DE COBERTURA: COM ÓLEO COMESTÍVEL ",0.15858347001863
606522,"Café torrado moído torra escura","median_preco","446654","QUEIJO, ORIGEM: DE VACA , VARIEDADE: RICOTA , TIPO: FRESCO , APRESENTAÇÃO: PEÇA ",0.122239793859047
606522,"Café torrado moído torra escura","median_preco","447446","CARNE BOVINA IN NATURA, TIPO CORTE: PATINHO , APRESENTAÇÃO: MOIDA , ESTADO DE CONSERVAÇÃO: CONGELADO(A) ",0.121074219405477
606522,"Café torrado moído torra escura","median_preco","447479","CARNE BOVINA IN NATURA, TIPO CORTE: MIOLO OU CORAÇÃO DA ALCATRA , APRESENTAÇÃO: PEÇA INTEIRA , ESTADO DE CONSERVAÇÃO: CONGELADO(A) ",0.0999062208931673
606522,"Café torrado moído torra escura","median_preco","463534","CHOCOLATE, TIPO: BRANCO , APRESENTAÇÃO: MASSA , SABOR: TRADICIONAL , PRAZO VALIDADE MÍNIMO: 12 MESES ",0.0950557853545717
606522,"Café torrado moído torra escura","median_preco","462662","DOCE NÃO CONFEITADO, TIPO: EM CALDA , SABOR: AMEIXA ",0.0855268883150299
606522,"Café torrado moído torra escura","median_preco","447470","CARNE BOVINA IN NATURA, TIPO CORTE: MAMINHA DA ALCATRA , APRESENTAÇÃO: PEÇA INTEIRA , ESTADO DE CONSERVAÇÃO: CONGELADO(A) ",0.0563594004834376
606522,"Café torrado moído torra escura","median_preco","447748","CARNE PROCESSADA, VARIEDADE: HAMBURGUER , TIPO: FRANGO , SABOR: TEMPERADO , ESTADO DE CONSERVAÇÃO: CONGELADO(A) ",0.0155842907353453
606522,"Café torrado moído torra escura","median_preco","459645","LEGUME EM CONSERVA, TIPO: AZEITONA PRETA , TAMANHO: GRANDE , APRESENTAÇÃO: SEM CAROÇO ",0.0124953123294625
606522,"Café torrado moído torra escura","median_preco","463856","CONDIMENTO, TIPO: ALECRIM , APRESENTAÇÃO: DESIDRATADO ",0.011045873155555
606523,"Café torrado moído torra média","n_fornecedores","463692","ÓLEO VEGETAL COMESTÍVEL, TIPO: PURO , ESPÉCIE VEGETAL: SOJA , TIPO QUALIDADE: TIPO 1 ",0.346717631021256
606523,"Café torrado moído torra média","n_fornecedores","463778","LEGUME IN NATURA, TIPO: CHUCHU VERDE ",0.18424646025756
606523,"Café torrado moído torra média","n_fornecedores","463781","LEGUME IN NATURA, TIPO: CEBOLA BRANCA ",0.144600804340023
606523,"Café torrado moído torra média","n_fornecedores","459670","MASSA DE TOMATE, TIPO: EXTRATO CONCENTRADO , COMPOSIÇÃO: TRADICIONAL , APRESENTAÇÃO: CREME ",0.132986929902941
606523,"Café torrado moído torra média","n_fornecedores","463789","LEGUME IN NATURA, TIPO: INHAME ",0.0748767614402858
606523,"Café torrado moído torra média","n_fornecedores","463795","LEGUME IN NATURA, TIPO: MANDIOCA / AIPIM ",0.0640008470758212
606523,"Café torrado moído torra média","n_fornecedores","464398","FRUTA, TIPO: LIMÃO TAITI , APRESENTAÇÃO: NATURAL ",0.0520701528390164
606523,"Café torrado moído torra média","n_fornecedores","464381","FRUTA, TIPO: BANANA PRATA / BANANA BRANCA , APRESENTAÇÃO: NATURAL ",0.000500413123095244
606523,"Café torrado moído torra média","n_combinacoes_unidade","291893","SAL, TIPO: REFINADO , APLICAÇÃO: ALIMENTÍCIA , CARACTERÍSTICAS ADICIONAIS: TEOR MÍNIMO CLORETO DE SÓDIO 98,5% ",0.219108003572125
606523,"Café torrado moído torra média","n_combinacoes_unidade","464014","LEITE CONDENSADO, TIPO: INTEGRAL , INGREDIENTE BÁSICO: LEITE IN NATURA ",0.209600325879631
606523,"Café torrado moído torra média","n_combinacoes_unidade","465332","FARINHA DE TRIGO, GRUPO: INDUSTRIAL , TIPO: TIPO 1, ESPECIAL , INGREDIENTE ADICIONAL: SEM FERMENTO ",0.171215298861413
606523,"Café torrado moído torra média","n_combinacoes_unidade","305351","REFRIGERANTE, MATERIAL: ÁGUA GASOSA/XAROPE , SABOR: VARIADO ",0.117786967467148
606523,"Café torrado moído torra média","n_combinacoes_unidade","305354","BEBIDA LÁCTEA, SABOR: VARIADO , APRESENTAÇÃO: EMBALAGEM TETRAPACK ",0.101195073469812
606523,"Café torrado moído torra média","n_combinacoes_unidade","460401","PÃO, BASE: DE FARINHA DE TRIGO REFINADA , TIPO: DE FORMA , TIPO ADICIONAL: TRADICIONAL , APRESENTAÇÃO: FATIADO , TIPO EMBALAGEM: EMBALAGEM INDIVIDUAL ",0.0771256556489067
606523,"Café torrado moído torra média","n_combinacoes_unidade","269172","TEMPERO, TIPO: ALHO E SAL , APRESENTAÇÃO: PASTA , APLICAÇÃO: USO CULINÁRIO ",0.0311659599136474
606523,"Café torrado moído torra média","n_combinacoes_unidade","316835","BISCOITO, APRESENTAÇÃO: SORTIDO , CLASSIFICAÇÃO: DOCE , TIPO: AMANTEIGADO , APLICAÇÃO: ALIMENTAÇÃO HUMANA ",0.0263119252135607
606523,"Café torrado moído torra média","n_combinacoes_unidade","445488","ÁGUA MINERAL NATURAL, TIPO: ESPECIAL COM GÁS , MATERIAL EMBALAGEM: PLÁSTICO , TIPO EMBALAGEM: DESCARTÁVEL ",0.017928996254744
606523,"Café torrado moído torra média","n_combinacoes_unidade","233873","TEMPERO, TIPO: COMPLETO SEM PIMENTA , APRESENTAÇÃO: PASTA , APLICAÇÃO: USO CULINÁRIO ",0.0148558158925178
606523,"Café torrado moído torra média","n_combinacoes_unidade","447747","CARNE PROCESSADA, VARIEDADE: HAMBURGUER , TIPO: BOVINO , SABOR: TEMPERADO , ESTADO DE CONSERVAÇÃO: CONGELADO(A) ",0.0137059778264944
606523,"Café torrado moído torra média","median_preco","447479","CARNE BOVINA IN NATURA, TIPO CORTE: MIOLO OU CORAÇÃO DA ALCATRA , APRESENTAÇÃO: PEÇA INTEIRA , ESTADO DE CONSERVAÇÃO: CONGELADO(A) ",0.332183357885033
606523,"Café torrado moído torra média","median_preco","447770","FRIOS, VARIEDADE: PRESUNTO DE PERNIL , TIPO PREPARAÇÃO: COZIDO , COMPOSIÇÃO: COM CAPA DE GORDURA , APRESENTAÇÃO: PEÇA INTEIRA , ESTADO DE CONSERVAÇÃO: RESFRIADO(A) ",0.220404352422792
606523,"Café torrado moído torra média","median_preco","448999","PEIXE EM CONSERVA, VARIEDADE: ATUM , APRESENTAÇÃO: RALADO , MEIO DE COBERTURA: COM ÓLEO COMESTÍVEL ",0.139689329902421
606523,"Café torrado moído torra média","median_preco","459639","LEGUME EM CONSERVA, TIPO: AZEITONA VERDE , TAMANHO: GRANDE , APRESENTAÇÃO: SEM CAROÇO ",0.10300256862467
606523,"Café torrado moído torra média","median_preco","447774","FRIOS, VARIEDADE: PRESUNTO DE PERNIL , TIPO PREPARAÇÃO: COZIDO , COMPOSIÇÃO: SEM CAPA DE GORDURA , APRESENTAÇÃO: FATIADO , ESTADO DE CONSERVAÇÃO: RESFRIADO(A) ",0.0734016436305065
606523,"Café torrado moído torra média","median_preco","446654","QUEIJO, ORIGEM: DE VACA , VARIEDADE: RICOTA , TIPO: FRESCO , APRESENTAÇÃO: PEÇA ",0.0573992647577069
606523,"Café torrado moído torra média","median_preco","463860","CONDIMENTO, TIPO: ALHO , APRESENTAÇÃO: GRANULADO ",0.0251405332928077
606523,"Café torrado moído torra média","median_preco","447446","CARNE BOVINA IN NATURA, TIPO CORTE: PATINHO , APRESENTAÇÃO: MOIDA , ESTADO DE CONSERVAÇÃO: CONGELADO(A) ",0.0236107729828852
606523,"Café torrado moído torra média","median_preco","446384","MANTEIGA, TIPO: EXTRA , COMPOSIÇÃO: COM SAL ",0.0109977632382283
606523,"Café torrado moído torra média","median_preco","447448","CARNE BOVINA IN NATURA, TIPO CORTE: PATINHO , APRESENTAÇÃO: PEÇA INTEIRA , ESTADO DE CONSERVAÇÃO: CONGELADO(A) ",0.00546219501217294
606523,"Café torrado moído torra média","median_preco","447470","CARNE BOVINA IN NATURA, TIPO CORTE: MAMINHA DA ALCATRA , APRESENTAÇÃO: PEÇA INTEIRA , ESTADO DE CONSERVAÇÃO: CONGELADO(A) ",0.00307279265122158
606523,"Café torrado moído torra média","median_preco","463904","CONDIMENTO, TIPO: LOURO , APRESENTAÇÃO: FOLHA ",0.0018988460117808
606523,"Café torrado moído torra média","median_preco","446633","QUEIJO, ORIGEM: DE VACA , VARIEDADE: MUÇARELA , APRESENTAÇÃO: PEÇA ",0.00165964325055857
606523,"Café torrado moído torra média","median_preco","316835","BISCOITO, APRESENTAÇÃO: SORTIDO , CLASSIFICAÇÃO: DOCE , TIPO: AMANTEIGADO , APLICAÇÃO: ALIMENTAÇÃO HUMANA ",0.00120186507209044
606523,"Café torrado moído torra média","median_preco","447792","FRIOS, VARIEDADE: PEITO DE PERU , TIPO PREPARAÇÃO: DEFUMADO , APRESENTAÇÃO: PEÇA INTEIRA , ESTADO DE CONSERVAÇÃO: RESFRIADO(A) ",0.000875071265125844
606524,"Café torrado moído torra clara","n_fornecedores","445479","ÁGUA MINERAL NATURAL, TIPO: COM GÁS , MATERIAL EMBALAGEM: PLÁSTICO , TIPO EMBALAGEM: DESCARTÁVEL ",0.424141899957571
606524,"Café torrado moído torra clara","n_fornecedores","458908","ARROZ BENEFICIADO, TIPO: PARBOILIZADO , SUBGRUPO: POLIDO , CLASSE: LONGO FINO , QUALIDADE: TIPO 1 ",0.19961304884123
606524,"Café torrado moído torra clara","n_fornecedores","463789","LEGUME IN NATURA, TIPO: INHAME ",0.198228221202545
606524,"Café torrado moído torra clara","n_fornecedores","464436","FRUTA, TIPO: TANGERINA PONCAN , APRESENTAÇÃO: NATURAL ",0.144239908228127
606524,"Café torrado moído torra clara","n_fornecedores","461092","SAL, TIPO: REFINADO , APLICAÇÃO: ALIMENTÍCIA , TEOR MÁXIMO SÓDIO: 390 MG/G, ADITIVOS: IODATO DE POTASSIO E ANTIUMECTANTE FERROCIANETO DE ",0.0170186422622917
606524,"Café torrado moído torra clara","n_fornecedores","463699","GORDURA VEGETAL, TIPO: MARGARINA , SUBTIPO: CREMOSA , COMPOSIÇÃO BÁSICA: MÍNIMO DE 80% DE GORDURA , SABOR: COM SAL ",0.0167582795082349
606524,"Café torrado moído torra clara","n_combinacoes_unidade","436134","ADOÇANTE, ASPECTO FÍSICO: LÍQUIDO , INGREDIENTES: SUCRALOSE, ACESULFAME DE POTáSSIO, BENZOATO DE SÓD , TIPO: DIETÉTICO , CARACTERÍSTICAS ADICIONAIS: ACIDULANTE áCIDO CíTRICO,CITRATO DE SÓDIO ",0.372952330493991
606524,"Café torrado moído torra clara","n_combinacoes_unidade","445479","ÁGUA MINERAL NATURAL, TIPO: COM GÁS , MATERIAL EMBALAGEM: PLÁSTICO , TIPO EMBALAGEM: DESCARTÁVEL ",0.140571772572971
606524,"Café torrado moído torra clara","n_combinacoes_unidade","235092","BISCOITO, APRESENTAÇÃO: QUADRADO , CLASSIFICAÇÃO: SALGADO , TIPO: CREAM CRACKER ",0.138999547465602
606524,"Café torrado moído torra clara","n_combinacoes_unidade","459655","MOLHO DE MESA, TIPO: INGLÊS , COMPOSIÇÃO: TRADICIONAL , APRESENTAÇÃO: LÍQUIDO ",0.135056712911416
606524,"Café torrado moído torra clara","n_combinacoes_unidade","339478","TEMPERO, TIPO: CALDO , APRESENTAÇÃO: PÓ , APLICAÇÃO: USO CULINÁRIO , SABOR: GALINHA ",0.0598837889267013
606524,"Café torrado moído torra clara","n_combinacoes_unidade","305351","REFRIGERANTE, MATERIAL: ÁGUA GASOSA/XAROPE , SABOR: VARIADO ",0.0552228993518777
606524,"Café torrado moído torra clara","n_combinacoes_unidade","291893","SAL, TIPO: REFINADO , APLICAÇÃO: ALIMENTÍCIA , CARACTERÍSTICAS ADICIONAIS: TEOR MÍNIMO CLORETO DE SÓDIO 98,5% ",0.0519769570761353
606524,"Café torrado moído torra clara","n_combinacoes_unidade","446393","MANTEIGA, TIPO: PRIMEIRA QUALIDADE , COMPOSIÇÃO: COM SAL ",0.0270881092763276
606524,"Café torrado moído torra clara","n_combinacoes_unidade","241553","MOLHO PIMENTA, COMPOSIÇÃO: ÁGUA/PIMENTA VERMELHA MOÍDA/VINAGRE DE ÁLCOOL/SAL , APLICAÇÃO: ALIMENTOS , TIPO USO: CULINÁRIA EM GERAL ",0.0182478819249787
606524,"Café torrado moído torra clara","median_preco","446654","QUEIJO, ORIGEM: DE VACA , VARIEDADE: RICOTA , TIPO: FRESCO , APRESENTAÇÃO: PEÇA ",0.203727637240175
606524,"Café torrado moído torra clara","median_preco","447776","FRIOS, VARIEDADE: PRESUNTO DE PERU , TIPO PREPARAÇÃO: COZIDO , APRESENTAÇÃO: PEÇA INTEIRA , ESTADO DE CONSERVAÇÃO: RESFRIADO(A) ",0.174350407639557
606524,"Café torrado moído torra clara","median_preco","448999","PEIXE EM CONSERVA, VARIEDADE: ATUM , APRESENTAÇÃO: RALADO , MEIO DE COBERTURA: COM ÓLEO COMESTÍVEL ",0.141081843223443
606524,"Café torrado moído torra clara","median_preco","447770","FRIOS, VARIEDADE: PRESUNTO DE PERNIL , TIPO PREPARAÇÃO: COZIDO , COMPOSIÇÃO: COM CAPA DE GORDURA , APRESENTAÇÃO: PEÇA INTEIRA , ESTADO DE CONSERVAÇÃO: RESFRIADO(A) ",0.133530979171016
606524,"Café torrado moído torra clara","median_preco","463534","CHOCOLATE, TIPO: BRANCO , APRESENTAÇÃO: MASSA , SABOR: TRADICIONAL , PRAZO VALIDADE MÍNIMO: 12 MESES ",0.0916882009322276
606524,"Café torrado moído torra clara","median_preco","463904","CONDIMENTO, TIPO: LOURO , APRESENTAÇÃO: FOLHA ",0.0688541834844136
606524,"Café torrado moído torra clara","median_preco","316835","BISCOITO, APRESENTAÇÃO: SORTIDO , CLASSIFICAÇÃO: DOCE , TIPO: AMANTEIGADO , APLICAÇÃO: ALIMENTAÇÃO HUMANA ",0.0655352865011663
606524,"Café torrado moído torra clara","median_preco","444323","CEREAL PREPARADO, ASPECTO FÍSICO: GRÂOS , COMPONENTES: AVEIA, BANANA, MAÇÃ E CANELA , CARACTERÍSTICAS ADICIONAIS: GRANOLA ",0.0573784702926708
606524,"Café torrado moído torra clara","median_preco","447479","CARNE BOVINA IN NATURA, TIPO CORTE: MIOLO OU CORAÇÃO DA ALCATRA , APRESENTAÇÃO: PEÇA INTEIRA , ESTADO DE CONSERVAÇÃO: CONGELADO(A) ",0.027837896422393
606524,"Café torrado moído torra clara","median_preco","463536","CHOCOLATE, TIPO: PRETO , APRESENTAÇÃO: MASSA , SABOR: AO LEITE , PRAZO VALIDADE MÍNIMO: 12 MESES ",0.0211080813878744
606524,"Café torrado moído torra clara","median_preco","447446","CARNE BOVINA IN NATURA, TIPO CORTE: PATINHO , APRESENTAÇÃO: MOIDA , ESTADO DE CONSERVAÇÃO: CONGELADO(A) ",0.0149070137050623
